slug,title,description,icon,created_by,language_cosmos_id,videos,action_cards,practical_procedures,key_learning_points,drugs
mod-gestational-diabetes-mellitus,Gestational Diabetes Mellitus,Gestational Diabetes Mellitus,d987d8abaa024254993ed3c02420a1ec,System,7ec65d25-3edc-dde4-c066-dfe92c798404,"res-video-india-english-gestational-diabetes-mellitus-intro,res-video-india-english-gestational-diabetes-mellitus-risk-factors,res-video-india-english-gestational-diabetes-mellitus-screening-and-diagnosis,res-video-india-english-gestational-diabetes-mellitus-management-of-gdm,res-video-india-english-gestational-diabetes-mellitus-medical-nutrition-therapy,res-video-india-english-gestational-diabetes-mellitus-medical-management,res-video-india-english-gestational-diabetes-mellitus-referral,res-video-india-english-gestational-diabetes-mellitus-intrapartum-care,res-video-india-english-gestational-diabetes-mellitus-immediate-newborn-care,res-video-india-english-gestational-diabetes-mellitus-postpartum-care","res-action-card-special-anc-for-women-with-gdm,res-action-card-bmi-calculation-and-recommended-weight-gain-in-pregnancy,res-action-card-calculation-of-energy-requirement,res-action-card-medical-nutrition-therapy-and-meal-plan-for-gdm,res-action-card-insulin-therapy-during-labour,res-action-card-neonatal-hypoglycemia",res-procedure-administration-of-insulin,"klp-1-gdm-is-an-excess-glucose-level-in-the-blood-with-onset-or-first-recognition-during-pregnancy-true-or-false,klp-3-which-of-the-following-statements-are-true-regarding-metformin-use-for-control-of-blood-sugar,klp-2-which-of-the-following-statements-are-correct-regarding-antenatal-care-of-pregnant-woman-with-gdm,klp-3-which-of-the-following-are-an-indication-for-referral-of-the-woman-with-gdm-to-a-higher-centre,klp-3-which-of-the-following-are-the-symptoms-of-hypoglycemia-in-a-woman-with-gdm,klp-3-when-will-you-diagnose-hypoglycemia-in-a-newborn-based-on-the-capillary-blood-glucose-level,klp-3-which-of-the-following-steps-should-be-taken-to-manage-hypoglycemia-in-a-newborn,klp-3-which-of-the-following-are-signs-of-hypoglycemia-in-a-newborn-select-all-that-apply,klp-3-which-of-the-following-are-appropriate-in-relation-to-management-of-labour-and-delivery-of-a-woman-with-gdm,klp-1-in-a-woman-with-gdm-maternal-blood-glucose-levels-usually-return-to-normal-after-delivery,klp-3-if-a-woman-with-a-history-of-gdm-is-planning-her-next-pregnancy-what-should-be-her-desired-blood-sugar-level,klp-2-which-of-the-following-injection-sites-can-be-used-for-self-administration-of-insulin-injection-select-all-that-apply,klp-1-what-steps-should-be-taken-to-manage-hypoglycemia-in-a-gdm-woman,klp-2-which-of-the-following-statements-are-false-regarding-care-of-a-newborn-of-a-woman-with-gdm,klp-1-which-of-the-following-test-is-recommended-for-after-delivery-of-a-woman-with-gdm-to-evaluate-her-glycaemic-status,klp-1-through-which-route-should-insulin-be-administered-daily-for-a-woman-with-gdm","res-drug-glucose,res-drug-insulin,res-drug-metformin"
mod-postnatal-care,Postnatal Care,Postnatal Care,edd737da4cc2413984080a91525d547b,System,7ec65d25-3edc-dde4-c066-dfe92c798404,"res-video-india-english-postnatal-care-intro,res-video-india-english-postnatal-care-postnatal-care-schedule,res-video-india-english-postnatal-care-initial-postnatal-assessment,res-video-india-english-postnatal-care-postnatal-care-counselling,res-video-india-english-postnatal-care-routine-postnatal-assessment-and-care,res-video-india-english-postnatal-care-postnatal-pain-management,res-video-india-english-postnatal-care-care-of-the-newborn,res-video-india-english-postnatal-care-routine-assessment-of-the-newborn,res-video-india-english-postnatal-care-newborn-care-counselling","res-action-card-mother,res-action-card-newborn","res-procedure-pelvic-floor-muscle-exercises,res-procedure-comprehensive-breastfeeding-global","klp-2-pnc-bleeding-after-birth,klp-1-what-is-part-of-the-initial-postnatal-care-counselling,klp-3-for-how-long-should-the-postnatal-woman-be-recommended-to-take-iron-in-anaemia-risk-settings,klp-2-what-kind-of-pain-relief-can-you-offer-the-woman-postpartum-for-perineal-pain,klp-2-dizziness-nausea-and-headache-three-days-postpartum,klp-3-what-statements-are-correct-regarding-disease-prevention-after-birth,klp-1-upon-discharge-when-should-you-tell-the-mother-to-react-and-contact-you,klp-3-if-a-woman-experience-breast-engorgement-what-should-you-advise-her-to-do-to-prevent-mastitis,klp-3-danger-signs-newborn,klp-3-contraceptive-methods-and-breastfeeding,klp-3-what-are-the-signs-of-an-effective-attachment-when-breastfeeding,klp-3-postnatal-visits-lbw-newborn","res-drug-ampicillin,res-drug-bcg-vaccine,res-drug-calcium-supplementation,res-drug-dtp-containing-vaccine,res-drug-gentamicin,res-drug-hepatitis-b-vaccine-hbv,res-drug-ibuprofen,res-drug-iron-and-folic-acid-supplementation,res-drug-inactivated-polio-vaccine-ipv,res-drug-metronidazole,res-drug-oral-polio-vaccine-opv,res-drug-paracetamol,res-drug-pentavalent-vaccine,res-drug-pneumococcal-conjugate,res-drug-rotavirus-vaccine"
mod-antenatal-care,Antenatal Care,Antenatal Care,625a0202badc43748603018d0f8b9fd0,System,7ec65d25-3edc-dde4-c066-dfe92c798404,"res-video-india-english-antenatal-care-intro,res-video-india-english-antenatal-care-antenatal-care-schedule,res-video-india-english-antenatal-care-respectful-maternity-care,res-video-india-english-antenatal-care-first-contact-in-pregnancy,res-video-india-english-antenatal-care-routine-antenatal-assessment-of-the-woman,res-video-india-english-antenatal-care-routine-antenatal-assessment-of-the-foetus,res-video-india-english-antenatal-care-counselling","res-action-card-respectful-antenatal-care,res-action-card-nutrition-and-lifestyle,res-action-card-birth-and-emergency-plan,res-action-card-interventions-for-common-physiological-symptoms,res-action-card-violence-against-women,res-action-card-significant-symptoms-of-antenatal-complications,res-action-card-threatened-preterm-labour","res-procedure-foetal-assessments,res-procedure-india-preventative-management-interventions,res-procedure-india-routine-maternal-screening-and-tests","klp-1-how-many-antenatal-care-contacts-are-recommended-to-prevent-and-identify-complications,klp-1-which-of-the-following-are-true-in-relation-to-the-womans-antenatal-record,klp-1-what-should-you-do-during-the-first-contact-in-pregnancy,klp-1-choose-the-tests-that-should-be-carried-out-for-all-pregnant-womean-during-the-first-contact,klp-1-identify-the-statement-that-describes-a-normal-foetal-palpation-at-34-weeks,klp-2-which-of-the-following-statements-are-true-in-relation-to-calcium-supplementation-during-pregnancy,klp-2-a-woman-comes-for-the-anc-contact-with-shortness-of-breath-and-weakness-what-will-you-check-for,klp-2-name-the-drug-of-choice-for-tocolysis-in-threatened-preterm-labour,klp-2-which-of-the-following-are-signs-of-pre-eclampsia,klp-3-what-is-true-about-the-foetal-heart-rate,klp-3-which-of-the-following-indicate-a-normal-pregnancy,klp-2-what-are-the-signs-that-indicate-that-the-woman-is-going-into-labour,klp-3-how-will-you-manage-a-woman-who-has-a-haemoglobin-concentration-of-100g-l,klp-3-which-of-the-following-statements-are-true-in-relation-to-gestational-diabetes-mellitus,klp-2-while-counselling-the-pregnant-woman-on-nutrition-and-lifestyle-modification-you-should-instruct-her-to,klp-2-how-much-weight-should-a-woman-with-a-bmi-of-27-gain-during-pregnancy,klp-1-if-a-pregnant-woman-complains-of-constipation-what-will-be-your-response,klp-2-how-can-you-help-a-pregnant-woman-who-is-having-leg-cramps,klp-2-what-are-the-signs-that-indicate-that-a-woman-is-a-victim-of-gender-based-violence-or-intimate-partner-violence,klp-3-what-are-the-drugs-that-can-be-given-to-a-woman-with-suspected-preterm-labour-for-foetal-lung-maturity,klp-3-if-a-pregnant-woman-complains-of-pain-swelling-and-tenderness-in-one-calf-muscle-what-will-you-suspect,klp-1-before-performing-an-abdominal-examination-you-have-to,klp-3-which-of-the-following-foetal-heart-readings-indicate-foetal-asphyxia,klp-1-what-is-the-drug-of-choice-for-the-intermittent-preventive-treatment-of-malaria-in-endemic-areas,klp-3-how-can-you-identify-multiple-pregnancy-by-abdominal-examination,klp-3-identify-the-statements-that-are-true-in-relation-to-preventive-anthelmintic-treatment-during-pregnancy,klp-3-a-pregnant-woman-comes-for-her-first-anc-contact-she-has-not-been-immunized-with-tetanus-toxoid-before-how-many-doses-should-be-given-during-pregnancy-and-at-what-interval,klp-1-what-is-the-dose-of-iron-and-folic-acid-supplement-recommended-during-the-antenatal-period,klp-3-what-are-the-complications-that-can-be-prevented-by-taking-iron-and-folic-acid-tablets,klp-3-what-is-the-risk-that-may-occur-if-the-foetus-is-cephalic-and-the-head-is-not-engaged","res-drug-albendazole,res-drug-ampicillin,res-drug-betamethasone,res-drug-calcium-supplementation,res-drug-dexamethasone,res-drug-folic-acid,res-drug-gentamicin,res-drug-iron-and-folic-acid-supplementation,res-drug-metronidazole,res-drug-nifedipine,res-drug-tetanus-and-adult-diphtheria-td"
mod-modern-contraception,Modern Contraception,Modern Contraception,cff1c11a03734f0b8d4bb8c795d222cb,System,7ec65d25-3edc-dde4-c066-dfe92c798404,"res-video-india-english-modern-contraception-intro,res-video-india-english-modern-contraception-counselling,res-video-india-english-modern-contraception-mec,res-video-india-english-modern-contraception-contraceptive-methods,res-video-india-english-modern-contraception-implant-insertion,res-video-india-english-modern-contraception-implant-removal,res-video-india-english-modern-contraception-iud-insertion,res-video-india-english-modern-contraception-ppiucd-insertion,res-video-india-english-modern-contraception-iud-removal","res-action-card-mec-wheel,res-action-card-short-acting-reversible-contraceptives-sarcs,res-action-card-long-acting-reversible-contraceptives-larcs,res-action-card-permanent-methods","res-procedure-implant-insertion,res-procedure-implant-removal,res-procedure-iud-ius-insertion,res-procedure-iud-ius-removal,res-procedure-use-of-condom","klp-1-short-acting-contraceptives-can-only-be-used-over-short-periods-of-time-true-or-false,klp-1-if-a-woman-needs-a-new-implant-after-having-one-removed-where-can-the-new-implant-be-inserted,klp-1-after-inserting-the-iud-ius-at-what-length-should-you-cut-the-strings,klp-1-what-type-of-checks-need-to-be-done-before-inserting-an-intrauterine-device-iud-ius,klp-2-which-methods-are-categorised-as-long-acting-reversible-contraceptives,klp-2-when-does-a-woman-not-qualify-to-get-an-iud,klp-2-when-can-a-women-get-an-implant,klp-2-what-should-you-recommend-the-woman-to-look-out-for-following-iud-ius-insertion,klp-2-which-surgical-procedures-can-be-used-to-perform-tubal-ligation,klp-2-what-pain-relief-should-be-administered-before-inserting-a-contraceptive-implant,klp-3-mec-categories,klp-3-put-these-steps-of-the-non-touch-technique-while-inserting-an-iud-in-the-correct-order","res-drug-combined-oral-contraceptives,res-drug-copper-intrauterine-device-iud,res-drug-emergency-contraceptive-pills,res-drug-monthly-injectables,res-drug-centchroman-pills,res-drug-progesterone-only-pills,res-drug-lidocaine"
mod-perinatal-mental-health,Perinatal Mental Health,Perinatal Mental Health,61f30fe5a1ad4907a1c061d416529cfa,System,7ec65d25-3edc-dde4-c066-dfe92c798404,"res-video-india-english-perinatal-mental-health-intro,res-video-india-english-perinatal-mental-health-risk-factors,res-video-india-english-perinatal-mental-health-barriers-to-seeking-care,res-video-india-english-perinatal-mental-health-diagnosis-symptoms,res-video-india-english-perinatal-mental-health-screening,res-video-india-english-perinatal-mental-health-prevention-and-treatment,res-video-india-english-perinatal-mental-health-medicatons,res-video-india-english-perinatal-mental-health-caring-for-the-carer","res-action-card-risk-factors-causes,res-action-card-screening,res-action-card-perinatal-mental-health-conditions,res-action-card-infant-outcomes,res-action-card-violence-against-women","res-procedure-treatment-options-ind,res-procedure-caring-for-the-carer","klp-1-when-should-you-screen-for-perinatal-mental-illness,klp-1-puerperal-psychosis-usually-occurs",
mod-infection-prevention,Infection Prevention,Infection Prevention,afa045d1cc9045c3ab63bf462d64e36f,System,7ec65d25-3edc-dde4-c066-dfe92c798404,"res-video-india-english-infection-prevention-intro,res-video-india-english-infection-prevention-hand-hygiene,res-video-india-english-infection-prevention-personal-protective-equipment,res-video-india-english-infection-prevention-safe-reuse-of-instruments,res-video-india-english-infection-prevention-prevention-of-respiratory-infections,res-video-india-english-infection-prevention-injection-safety,res-video-india-english-infection-prevention-hiv-hepatitis-b-prevention","res-action-card-antibiotic-prophylaxis,res-action-card-five-key-moments-for-hand-hygiene","res-procedure-personal-protective-equipment-ppe,res-procedure-cleaning-storage-and-housekeeping,res-procedure-spill-management","klp-2-infection-and-germs,klp-2-healthcare-professionals-hands,klp-1-prevent-infections,klp-1-hand-hygiene-wash-and-alcohol,klp-2-five-steps-to-infection-prevention,klp-2-no-jewellery-on-hands,klp-3-procedure-for-handwashing,klp-1-soap-wet-container,klp-2-towel,klp-3-amount-of-handrub,klp-1-personal-protective-equipment,klp-3-gloves-for-birth,klp-1-gloves-for-different-patients,klp-3-removing-gloves,klp-1-time-for-sterilization,klp-2-spread-of-hiv-and-hep-b,klp-1-recommended-vaccination","res-drug-art-regimen,res-drug-hepatitis-b-vaccine-hbv,res-drug-post-exposure-prophylaxis-pep,res-drug-nevirapine,res-drug-tenofovir"
mod-post-abortion-care,Post Abortion Care,Post Abortion Care,e764ae5ac5d74792a9f4cf4989fd0e69,System,7ec65d25-3edc-dde4-c066-dfe92c798404,"res-video-india-english-post-abortion-care-intro,res-video-india-english-post-abortion-care-how-to-diagnose,res-video-india-english-post-abortion-care-how-to-manage,res-video-india-english-post-abortion-care-evacuation-of-the-uterus,res-video-india-english-post-abortion-care-manual-vacuum-aspiration","res-action-card-post-abortion-care-definitions,res-action-card-post-abortion-care-emergency-management,res-action-card-emergency-referral-post-abortion-care","res-procedure-cleaning-manual-vacuum-aspirator,res-procedure-urine-catheter,res-procedure-intravenous-access-adult-ind","klp-2-unsafe-abortion-globally,klp-1-septic-abortion,klp-1-complication-to-unsafe-abortion,klp-1-urine-test,klp-2-complication-to-abortion,klp-1-fever-and-septic-abortion,klp-2-what-to-measure,klp-1-signs-of-septic-abortion,klp-3-suspect-lower-abdominal-tenderness,klp-1-septic-abortion-can-be-fatal,klp-2-most-important-action-at-septic-abortion,klp-1-action-at-septic-abortion,klp-3-ab-and-evacuation-of-the-uterus,klp-3-which-ab-to-give,klp-1-urgent-management,klp-3-correct-order-of-actions,klp-1-peritonitis,klp-1-evacuation-of-the-uterus,klp-3-manual-vacuum-aspiration,klp-3-uterus-size-in-week-12,klp-3-preparation-for-mva,klp-3-analgesic-for-mva,klp-3-valves-closed,klp-2-vacuum-to-mva-syringe,klp-2-tenaculum,klp-2-dilate-the-cervix,klp-2-no-touch-technique,klp-3-size-of-cannula-for-mva,klp-2-insert-of-the-cannula,klp-2-attachment-of-the-syringe,klp-2-rotate-and-move-cannula-back-and-forth,klp-1-end-of-suctioning,klp-2-use-the-cannula-again,klp-3-counselling,klp-1-advise-before-dismission","res-drug-ampicillin,res-drug-azithromycin,res-drug-doxycycline,res-drug-gentamicin,res-drug-ibuprofen,res-drug-metronidazole"
mod-hypertension,Hypertension,Hypertension,bc9fec1f01e14dc486c6bf4634475da8,System,7ec65d25-3edc-dde4-c066-dfe92c798404,"res-video-india-english-hypertension-intro,res-video-india-english-hypertension-definitions,res-video-india-english-hypertension-causes,res-video-india-english-hypertension-how-to-diagnose,res-video-india-english-hypertension-management-of-hypertension,res-video-india-english-hypertension-severe-preeclampsia-eclampsia","res-action-card-hypertension-definitions,res-action-card-hypertension-management-hypertension,res-action-card-emergency-referral-hypertension","res-procedure-intramuscular-injection-im,res-procedure-intravenous-access-adult-ind,res-procedure-urine-catheter","klp-2-gestational-hypertension,klp-2-preeclampsia,klp-1-severe-preeclampsia,klp-2-proteinuria,klp-1-severely-elevated-blood-pressure,klp-1-severe-headache-and-visual-disturbance,klp-1-visual-disturbances-like-silver-lights-or-blurry-vision-eyes,klp-1-upper-abdominal-pain-from-the-liver,klp-2-eclampsia,klp-2-eclampsia-normal-blood-pressure,klp-1-causes-of-pre-eclampsia,klp-2-cure-of-pre-eclampsia,klp-3-anc-blood-pressure,klp-3-confirm-bp,klp-2-confirmed-elevated-bp,klp-1-keep-systolic-bp-below-160,klp-3-labetalol,klp-3-methyldopa,klp-1-iv-medication,klp-3-hydralazine,klp-2-eclampsia-seizures,klp-1-severe-pre-eclampsia-or-eclampsia,klp-3-action-eclampsia,klp-3-fluid-overload,klp-1-eclampsia-monitor-1-2-hour,klp-2-give-magnesium-sulphate,klp-2-toxicity,klp-1-calcium-gluconate,klp-2-maintain-dose-magnesium-sulphate,klp-3-refer-and-eclampsia,klp-3-lung-maturity","res-drug-methyldopa,res-drug-betamethasone,res-drug-calcium-gluconate,res-drug-dexamethasone,res-drug-hydralazine,res-drug-labetalol,res-drug-lidocaine,res-drug-magnesium-sulphate,res-drug-nifedipine"
mod-normal-labour-and-birth,Normal Labour and Birth,Normal Labour and Birth,ae5ae14dcf0f48759e8e6a321a28bfff,System,7ec65d25-3edc-dde4-c066-dfe92c798404,"res-video-india-english-normal-labour-and-birth-intro,res-video-india-english-normal-labour-and-birth-respectful-care,res-video-india-english-normal-labour-and-birth-initial-assessment,res-video-india-english-normal-labour-and-birth-1st-stage-latent-phase,res-video-india-english-normal-labour-and-birth-1st-stage-active-phase,res-video-india-english-normal-labour-and-birth-partograph,res-video-india-english-normal-labour-and-birth-supportive-care,res-video-india-english-normal-labour-and-birth-2nd-stage-cervix-fully-dilated,res-video-india-english-normal-labour-and-birth-2nd-stage-delivering-the-baby",,"res-procedure-initial-assessment,res-procedure-calculate-due-date-and-ga,res-procedure-abdominal-examination,res-procedure-foetal-heart-rate,res-procedure-vaginal-examination","klp-2-a-child-born-in-week-36,klp-3-start-of-a-spontaneous-normal-birth,klp-3-the-elements-of-true-respectful-care,klp-2-what-kind-of-danger-signs-should-be-examined,klp-3-when-is-her-due-date,klp-2-abdominal-examination,klp-3-when-performing-a-ve,klp-1-good-contractions-with-3-minutes-apart,klp-2-the-documentation-on-the-partograph,klp-2-when-the-woman-wants-to-stand-up,klp-1-when-the-woman-is-in-an-upright-position,klp-1-the-woman-can-push-when,klp-2-what-needs-to-be-ready-for-the-birth,klp-1-before-the-babys-head-is-about-to-be-born,klp-2-when-the-babys-head-is-crowning,klp-1-the-order-of-the-four-steps-for-palpating-the-foetus,klp-2-if-you-feel-a-lose-cord-around-the-neck,klp-3-when-the-baby-is-born-with-meconium-and-is-breathing,klp-2-what-do-you-do-when-the-baby-is-born","res-drug-misoprostol,res-drug-oxytocin"
mod-active-management-of-third-stage-labour,Active Management of Third Stage Labour,Active Management of Third Stage Labour and Initial Care of the Newborn,7993175d51b847ec90208045f7565826,System,7ec65d25-3edc-dde4-c066-dfe92c798404,"res-video-india-english-active-management-of-third-stage-labour-intro,res-video-india-english-active-management-of-third-stage-labour-give-a-uterotonic-drug,res-video-india-english-active-management-of-third-stage-labour-assess-the-newborn,res-video-india-english-active-management-of-third-stage-labour-clamp-and-cut-the-umbilical-cord,res-video-india-english-active-management-of-third-stage-labour-controlled-cord-traction,res-video-india-english-active-management-of-third-stage-labour-uterine-massage,res-video-india-english-active-management-of-third-stage-labour-examine-the-placenta,res-video-india-english-active-management-of-third-stage-labour-monitoring,res-video-india-english-active-management-of-third-stage-labour-early-breastfeeding","res-action-card-essential-steps-for-amtsl,res-action-card-initial-care-india",,"klp-2-active-management,klp-1-uterotonic-drug,klp-1-oxytocin,klp-1-dose-of-oxytocin,klp-1-when-to-give-oxytocin,klp-3-storage-of-oxytocin,klp-1-misoprostol,klp-1-heat-stable-carbetocin,klp-1-when-to-assess-the-newborn,klp-2-thick-meconium,klp-1-suction-thick-meconium,klp-2-dry-of-the-baby,klp-3-warm-baby,klp-1-newborn-not-breathing-well,klp-2-stable-newborn,klp-3-clamp-umbilical-cord,klp-2-cord-traction,klp-3-counter-pressure-pubic-bone,klp-3-rounded-uterus,klp-3-push-for-the-placenta,klp-1-check-uterus,klp-2-measure-blood-loss,klp-1-examine-the-placenta,klp-2-maternal-surface-of-placenta,klp-2-no-unattended-mother-and-newborn,klp-3-skin-to-skin-contact,klp-1-check-mother-after-birth,klp-3-how-often-check-mother,klp-3-how-often-check-newborn,klp-2-check-the-newborn-after-birth,klp-3-cord-monitor,klp-2-apgar-score-and-vit-k,klp-2-early-breastfeeding-newborn,klp-3-early-breastfeeding-mother,klp-3-delivery-of-membranes,klp-2-estimation-of-blood-loss","res-drug-misoprostol,res-drug-oxytocin,res-drug-vitamin-k"
mod-prolonged-labour,Prolonged Labour,Prolonged Labour,9e891cee0ef8459882a35d903650edee,System,7ec65d25-3edc-dde4-c066-dfe92c798404,"res-video-india-english-prolonged-labour-intro,res-video-india-english-prolonged-labour-causes,res-video-india-english-prolonged-labour-1st-stage-latent-phase,res-video-india-english-prolonged-labour-1st-stage-active-phase,res-video-india-english-prolonged-labour-2nd-stage-prolonged,res-video-india-english-prolonged-labour-2nd-stage-vacuum-extraction","res-action-card-vacuum-delivery-indications,res-action-card-vacuum-delivery-prerequisites,res-action-card-vacuum-delivery-procedure-as-by-also,res-action-card-emergency-referral-prolonged-labour","res-procedure-foetal-heart-rate,res-procedure-intravenous-access-adult-ind,res-procedure-urine-catheter,res-procedure-vacuum-extractor","klp-1-complication-prolonged-mother,klp-1-complication-prolonged-infant,klp-2-causes,klp-2-power,klp-3-pelvis-passage,klp-3-small-pelvis,klp-2-know-small-pelvis,klp-2-passenger,klp-3-psyche,klp-3-more-comfortable,klp-3-prolonged-first-stage-latent-phase,klp-3-contractions-causes-if-not-prolonged-latent-phase,klp-1-prolonged-first-stage-active-phase,klp-2-progress-of-labour,klp-1-partograph-with-dilatation-between-alert-and-action-line,klp-2-cervical-dilatation,klp-2-prolonged-second-stage,klp-3-push-how-long,klp-1-pushing,klp-1-indication-for-vacuum,klp-1-fhr,klp-2-fhr-and-contractions,klp-1-immediate-delivery,klp-3-prerequisites-for-vacuum,klp-1-head-above-the-pubic-bone,klp-2-complications-to-vacuum-extraction,klp-2-preparation-for-vacuum,klp-3-flexion-point,klp-3-posterior-fontanelle-where,klp-2-posterior-fontanelle,klp-1-placing-the-cup,klp-1-check-for-maternal-tissue,klp-1-give-up-vacuum,klp-3-incision,klp-3-intact-perineum","res-drug-misoprostol,res-drug-oxytocin"
mod-post-partum-hemorrhage,Post Partum Hemorrhage,Post Partum Haemorrhage,507d378617434e2cbb6871d518731c12,System,7ec65d25-3edc-dde4-c066-dfe92c798404,"res-video-india-english-post-partum-hemorrhage-intro,res-video-india-english-post-partum-hemorrhage-immediate-management,res-video-india-english-post-partum-hemorrhage-causes-of-pph,res-video-india-english-post-partum-hemorrhage-tone,res-video-india-english-post-partum-hemorrhage-bimanual-compression,res-video-india-english-post-partum-hemorrhage-aorta-compression,res-video-india-english-post-partum-hemorrhage-uterine-balloon-tamponade,res-video-india-english-post-partum-hemorrhage-trauma,res-video-india-english-post-partum-hemorrhage-tissue,res-video-india-english-post-partum-hemorrhage-monitoring-after-bleeding,res-video-india-english-post-partum-hemorrhage-referral","res-action-card-essential-steps-for-amtsl,res-action-card-emergency-referral-post-partum-hemorrhage","res-procedure-early-detection-of-pph,res-procedure-aortic-compression,res-procedure-urine-catheter,res-procedure-intravenous-access-adult-ind,res-procedure-intramuscular-injection-im,res-procedure-perineal-tear-repair,res-procedure-condom-balloon-tamponade","klp-1-maternal-death,klp-1-symptoms-for-pph,klp-2-bimanual-compression-procedure,klp-3-pph-drugs,klp-1-misoprostol,klp-3-ergometrine,klp-2-bleeding-from-a-vaginal-tear,klp-2-always-do-a-rectal-exploration,klp-2-placental-tissue-missing,klp-3-mother-in-shock,klp-3-when-to-measure-hemoglobin,klp-1-referral-pph,klp-1-how-aorta-compression","res-drug-ampicillin,res-drug-carboprost,res-drug-diazepam,res-drug-ergometrine,res-drug-gentamicin,res-drug-iron-and-folic-acid-supplementation,res-drug-lidocaine,res-drug-metronidazole,res-drug-misoprostol,res-drug-oxytocin,res-drug-tranexamic-acid"
mod-manual-removal-of-placenta,Manual Removal of Placenta,Manual Removal of Placenta,e10a9fdf4ad549dd8d9509d4c95c65ab,System,7ec65d25-3edc-dde4-c066-dfe92c798404,"res-video-india-english-manual-removal-of-placenta-ind-eng-new-intro,res-video-india-english-manual-removal-of-placenta-ind-eng-new-resuscitation,res-video-india-english-manual-removal-of-placenta-ind-eng-new-drugs-before-removal,res-video-india-english-manual-removal-of-placenta-ind-eng-new-remove-the-placenta,res-video-india-english-manual-removal-of-placenta-ind-eng-new-monitoring,res-video-india-english-manual-removal-of-placenta-ind-eng-new-referral",,"res-procedure-aortic-compression,res-procedure-condom-balloon-tamponade,res-procedure-intravenous-access-adult-ind,res-procedure-urine-catheter","klp-1-time-before-placenta-is-born,klp-1-manual-removal-bemonc,klp-1-remove-manually,klp-2-when-manual-removal,klp-1-life-threatening,klp-3-heavy-bleeding,klp-1-overall-action,klp-2-excessive-bleeding,klp-2-stop-bleeding-retained-placenta,klp-3-tranexamic-acid,klp-2-maintain-compression,klp-3-resuscitation,klp-3-iv-fluid,klp-3-fluid-gives-fast,klp-3-blood-transfusion,klp-3-how-to-manually-remove-the-placenta,klp-3-gloves-and-manual-removal-of-placenta,klp-1-right-order-for-removal-of-placenta,klp-1-repeat-intrauterine-palpation,klp-1-action-right-after-removal,klp-1-the-overall-action-to-control-pph,klp-3-condom-balloon-tamponade,klp-3-after-removal-of-placenta,klp-1-action-right-after-removal-of-placenta,klp-2-day-after-recommendations,klp-1-refer-manual-removal","res-drug-ampicillin,res-drug-diazepam,res-drug-gentamicin,res-drug-iron-and-folic-acid-supplementation,res-drug-metronidazole,res-drug-oxytocin,res-drug-tranexamic-acid"
mod-maternal-sepsis,Maternal Sepsis,Maternal Sepsis,02e6010031984527b97f8a7915737cab,System,7ec65d25-3edc-dde4-c066-dfe92c798404,"res-video-india-english-maternal-sepsis-intro,res-video-india-english-maternal-sepsis-how-to-diagnose-definitions,res-video-india-english-maternal-sepsis-how-to-manage,res-video-india-english-maternal-sepsis-following-management,res-video-india-english-maternal-sepsis-origin-of-infection,res-video-india-english-maternal-sepsis-hiv","res-action-card-maternal-sepsis-definitions,res-action-card-maternal-sepsis-emergency-management,res-action-card-emergency-referral-maternal-sepsis","res-procedure-urine-catheter,res-procedure-intravenous-access-adult-ind","klp-1-meaning-of-sepsis,klp-1-diagnose-sepsis,klp-1-septic-shock,klp-1-vital-signs,klp-2-importance-of-fluid-management,klp-2-fluid-balance-be-calculated,klp-2-fluid-balance-be,klp-2-in-case-of-a-septic-shock-it-should-be-calculated-each-hour,klp-2-complications-to-sepsis,klp-1-initial-management,klp-2-circulation,klp-3-drugs,klp-3-ampicillin-sepsis,klp-3-gentamicin,klp-3-metronidazole,klp-2-malaria,klp-3-malaria-drugs,klp-3-artesunate,klp-3-quinine,klp-3-dosage-artesunate,klp-3-dosage-quinine,klp-1-the-6-ws,klp-2-chorioamnionitis,klp-2-endometritis,klp-1-treatment-for-chorioamnionitis,klp-1-treatment-for-endometritis,klp-2-endometritis-and-no-effect-of-ab,klp-1-mastitis,klp-1-breast-abscess,klp-1-wound-infections,klp-2-other-causes-of-infection","res-drug-ampicillin,res-drug-art-regimen,res-drug-artesunate,res-drug-gentamicin,res-drug-metronidazole,res-drug-penicillin-g-benzylpenicillin,res-drug-quinine"
mod-neonatal-resuscitation,Neonatal Resuscitation,Neonatal Resuscitation,fc8a5406e01b4eb2b02b0d04674ff3f4,System,7ec65d25-3edc-dde4-c066-dfe92c798404,"res-video-india-english-neonatal-resuscitation-intro,res-video-india-english-neonatal-resuscitation-assess-the-newborn,res-video-india-english-neonatal-resuscitation-bag-mask-ventilation,res-video-india-english-neonatal-resuscitation-when-to-stop-resuscitation,res-video-india-english-neonatal-resuscitation-monitoring,res-video-india-english-neonatal-resuscitation-referral","res-action-card-ambu-bag-mask-parts-functions,res-action-card-safe-oxygen-management-new-2025,res-action-card-neonatal-referral",,"klp-1-adequate-breathing,klp-1-golden-minute,klp-1-assess-the-newborn-after-birth,klp-2-skin-to-the-mother,klp-2-first-step,klp-2-meconium-suction,klp-3-correct-order-suction,klp-2-stimulation-the-newborn,klp-2-newborn-is-not-breathing-well,klp-1-when-to-resuscitate,klp-3-airway-call-for-help,klp-2-airway-position-of-head,klp-1-airway-position-of-mask,klp-1-airway-effective-ventilation,klp-2-number-of-inflation-breaths,klp-3-jaw-thrust,klp-2-if-no-chest-movements,klp-2-inflation-breaths,klp-2-ventilation-breath,klp-1-not-breathing-well,klp-1-continue-ventilation-breaths,klp-1-most-important-ventilation-breaths,klp-3-rhythm-ventilation-breaths,klp-3-good-ventilation,klp-3-breathing-assessment2,klp-1-breathing-assessment1,klp-1-breathing-assessment-continued,klp-3-action-if-breathing-well,klp-3-nr-give-oxygen,klp-2-when-to-stop,klp-3-resuscitation-stop-next,klp-1-skin-to-skin-and-breastfeeding,klp-3-monitoring,klp-3-low-birth-weight-and-resuscitation,klp-3-challenge-low-birth-weight,klp-2-successful-inflation-breaths",res-drug-adrenaline
mod-care-of-the-sick-newborn,Care of The Sick Newborn,Care of The Sick Newborn,03ea65ca84d345bb8d8cb9423980e8fe,System,7ec65d25-3edc-dde4-c066-dfe92c798404,"res-video-india-english-care-of-the-sick-newborn-intro,res-video-india-english-care-of-the-sick-newborn-emergency-signs,res-video-india-english-care-of-the-sick-newborn-management-of-emergency-signs,res-video-india-english-care-of-the-sick-newborn-referral","res-action-card-criteria-for-discharge-from-nbsu,res-action-card-advance-neonatal-resuscitation,res-action-card-safe-oxygen-management-new-2025,res-action-card-emergency-referral-for-newborn",res-procedure-disinfection-of-newborn-care-unit,"klp-1-dosage-ampicillin-and-gentamicin,klp-1-airway-management,klp-1-signs-of-shock,klp-2-emergency-management,klp-2-emergency-sign-2-week-old-baby,klp-2-obstructed-airway,klp-2-difficulty-breathing,klp-2-low-blood-sugar-treatment,klp-2-convulsions,klp-2-phenorbabital,klp-2-low-temperature,klp-2-newborn-no-improvement,klp-3-risk-of-low-blood-sugar,klp-3-bed-side-diagnostics,klp-3-safe-oxygen-level,klp-1-approach-assessment-of-newborn","res-drug-amikacin,res-drug-ampicillin,res-drug-amoxicillin,res-drug-cefotaxime,res-drug-cloxacillin,res-drug-adrenaline,res-drug-gentamicin,res-drug-phenobarbital,res-drug-vitamin-k"
mod-low-birth-weight,Low Birth Weight,Low Birth Weight,d6edea1f057842e5bc6a4e58e4440349,System,7ec65d25-3edc-dde4-c066-dfe92c798404,"res-video-india-english-low-birth-weight-intro,res-video-india-english-low-birth-weight-initial-care-of-the-low-birth-weight,res-video-india-english-low-birth-weight-kangaroo-mother-care,res-video-india-english-low-birth-weight-feeding,res-video-india-english-low-birth-weight-danger-signs,res-video-india-english-low-birth-weight-referral,res-video-india-english-low-birth-weight-respectful-care","res-action-card-neonatal-jaundice,res-action-card-feeding-and-fluid-therapy,res-action-card-neonatal-hypoglycemia,res-action-card-safe-oxygen-management-new-2025,res-action-card-nutritional-supplements-for-lbw-babies,res-action-card-emergency-referral-for-newborn","res-procedure-naso-and-orogastric-tube,res-procedure-kangaroo-mother-care","klp-2-definition-of-low-birthweight,klp-1-preterm-presentation,klp-1-initial-care-of-the-low-birth-weight,klp-1-what-is-kangaroo-mother-care,klp-2-how-to-kangaroo-mother-care,klp-2-feeding,klp-3-unable-to-suck,klp-1-feeding-schedule,klp-1-rds-symptoms,klp-2-rds-management,klp-1-rds-ab,klp-2-oxygen-therapy,klp-3-oxygen-saturation,klp-2-oxygen-indication,klp-3-apnea-prevention,klp-3-necrotizing-enterocolitis-management,klp-3-lbw-infection-treatment,klp-2-severe-infection,klp-1-referral-indications","res-drug-adrenaline,res-drug-amikacin,res-drug-ampicillin,res-drug-amoxicillin,res-drug-cefotaxime,res-drug-cloxacillin,res-drug-gentamicin,res-drug-phenobarbital,res-drug-vitamin-k"
